City_ID,City,Country,Date,Lat,Lng,Max Temp,Humidity,Cloudiness,Wind Speed,Current Description
0,Avarua,CK,2021-09-17 14:54:21,-21.2078,-159.775,73.45,78,40,16.11,scattered clouds
1,Fukue,JP,2021-09-17 14:58:10,32.6881,128.8419,74.16,83,100,22.37,overcast clouds
2,Vila Velha,BR,2021-09-17 14:58:11,-20.3297,-40.2925,78.75,78,40,12.66,scattered clouds
3,Yellowknife,CA,2021-09-17 14:56:05,62.456,-114.3525,41.52,100,75,10.36,broken clouds
4,Rikitea,PF,2021-09-17 14:53:01,-23.1203,-134.9692,67.03,88,100,8.99,moderate rain
5,Geraldton,AU,2021-09-17 14:56:52,-28.7667,114.6,48.61,87,0,4.61,clear sky
6,Cape Town,ZA,2021-09-17 14:52:38,-33.9258,18.4232,72.12,60,0,4.0,clear sky
7,Castro,BR,2021-09-17 14:55:50,-24.7911,-50.0119,57.78,96,100,7.45,overcast clouds
8,Nanortalik,GL,2021-09-17 14:55:35,60.1432,-45.2371,39.9,86,68,12.73,broken clouds
9,North Bend,US,2021-09-17 14:58:11,43.4065,-124.2243,51.15,76,85,4.36,overcast clouds
10,Road Town,VG,2021-09-17 14:54:15,18.4167,-64.6167,86.04,79,40,10.36,scattered clouds
11,Balgazyn,RU,2021-09-17 14:58:12,51.0,95.2,50.43,53,7,3.13,clear sky
12,Hilo,US,2021-09-17 14:54:28,19.7297,-155.09,74.28,93,90,6.91,moderate rain
13,Katsuura,JP,2021-09-17 14:55:00,35.1333,140.3,75.31,70,97,19.42,overcast clouds
14,Iqaluit,CA,2021-09-17 14:54:47,63.7506,-68.5145,35.33,87,90,16.11,light rain and snow
15,Yinchuan,CN,2021-09-17 14:58:13,38.4681,106.2731,71.96,42,100,5.99,overcast clouds
16,Busselton,AU,2021-09-17 14:54:45,-33.65,115.3333,49.08,69,99,11.81,overcast clouds
17,Chuy,UY,2021-09-17 14:54:26,-33.6971,-53.4616,63.61,61,2,10.47,clear sky
18,Havelock,US,2021-09-17 14:56:03,34.8791,-76.9013,82.38,89,90,3.0,mist
19,Mahebourg,MU,2021-09-17 14:55:25,-20.4081,57.7,73.69,78,20,11.5,few clouds
20,Bluff,NZ,2021-09-17 14:54:33,-46.6,168.3333,32.81,77,8,10.54,clear sky
21,Dikson,RU,2021-09-17 14:54:55,73.5069,80.5464,35.37,64,100,18.19,overcast clouds
22,Punta Arenas,CL,2021-09-17 14:52:21,-53.15,-70.9167,37.51,93,90,9.22,light intensity drizzle
23,Provideniya,RU,2021-09-17 14:55:48,64.3833,-173.3,37.17,72,94,5.88,overcast clouds
24,Polis,CY,2021-09-17 14:58:14,35.0367,32.4264,82.22,55,0,5.93,clear sky
25,Saint George,US,2021-09-17 14:55:34,37.1041,-113.5841,80.55,20,1,3.44,clear sky
26,Ushuaia,AR,2021-09-17 14:49:48,-54.8,-68.3,40.62,93,75,2.3,broken clouds
27,Kapaa,US,2021-09-17 14:54:19,22.0752,-159.319,75.18,97,75,13.49,broken clouds
28,Oudtshoorn,ZA,2021-09-17 14:58:14,-33.5907,22.2014,57.56,48,3,12.53,clear sky
29,Batemans Bay,AU,2021-09-17 14:58:15,-35.7167,150.1833,63.99,68,100,8.7,moderate rain
30,Taunggyi,MM,2021-09-17 14:58:15,20.7833,97.0333,64.09,97,100,3.51,overcast clouds
31,Lebu,CL,2021-09-17 14:54:23,-37.6167,-73.65,55.06,64,85,3.0,overcast clouds
32,Bredasdorp,ZA,2021-09-17 14:55:04,-34.5322,20.0403,63.72,52,0,17.27,clear sky
33,Catuday,PH,2021-09-17 14:58:15,16.2923,119.8062,81.52,78,100,3.8,overcast clouds
34,Labuhan,ID,2021-09-17 14:58:16,-6.8844,112.2051,80.04,76,32,8.63,scattered clouds
35,Kaitangata,NZ,2021-09-17 14:55:36,-46.2817,169.8464,34.43,83,31,5.23,scattered clouds
36,Coquimbo,CL,2021-09-17 14:54:53,-29.9533,-71.3436,56.93,76,75,3.44,broken clouds
37,Turochak,RU,2021-09-17 14:58:16,52.2576,87.1224,55.09,69,61,4.72,broken clouds
38,Culiacan,MX,2021-09-17 14:54:06,24.7994,-107.3897,81.64,94,75,0.0,broken clouds
39,Pangkalanbuun,ID,2021-09-17 14:58:17,-2.6833,111.6167,76.14,91,10,3.18,clear sky
40,Sapa,PH,2021-09-17 14:58:17,5.1544,120.3241,80.71,81,100,4.36,overcast clouds
41,Chokurdakh,RU,2021-09-17 14:55:18,70.6333,147.9167,33.35,97,100,10.27,overcast clouds
42,Nyuksenitsa,RU,2021-09-17 14:58:18,60.4128,44.2397,40.91,94,100,6.98,overcast clouds
43,Husavik,IS,2021-09-17 14:57:50,66.0449,-17.3389,49.91,87,100,1.63,overcast clouds
44,Barrow,US,2021-09-17 14:55:01,71.2906,-156.7887,32.43,99,100,14.41,snow
45,Honiara,SB,2021-09-17 14:54:00,-9.4333,159.95,76.59,89,62,6.29,light rain
46,Naze,JP,2021-09-17 14:58:18,28.3667,129.4833,76.6,78,89,9.31,overcast clouds
47,Georgetown,MY,2021-09-17 14:55:40,5.4112,100.3354,80.55,82,20,1.14,few clouds
48,Mataura,NZ,2021-09-17 14:55:09,-46.1927,168.8643,32.49,96,10,2.95,clear sky
49,Tiarei,PF,2021-09-17 14:58:18,-17.5333,-149.3333,75.22,76,12,24.11,few clouds
50,Okoneshnikovo,RU,2021-09-17 14:58:19,54.8377,75.0834,49.32,53,100,13.51,overcast clouds
51,Barra Do Garcas,BR,2021-09-17 14:58:19,-15.89,-52.2567,95.58,36,0,0.0,clear sky
52,Pittsfield,US,2021-09-17 14:56:43,42.4501,-73.2454,69.66,82,100,1.01,overcast clouds
53,Carnarvon,AU,2021-09-17 14:55:26,-24.8667,113.6333,62.67,72,0,16.11,clear sky
54,Dzilam Gonzalez,MX,2021-09-17 14:58:19,21.2833,-88.9333,86.14,67,91,8.79,overcast clouds
55,Mar Del Plata,AR,2021-09-17 14:53:57,-38.0023,-57.5575,66.22,52,0,18.41,clear sky
56,Illapel,CL,2021-09-17 14:57:20,-31.6308,-71.1653,67.6,47,37,6.49,scattered clouds
57,Tuatapere,NZ,2021-09-17 14:50:09,-46.1333,167.6833,32.83,92,10,4.18,clear sky
58,Egvekinot,RU,2021-09-17 14:55:35,66.3167,-179.1667,27.19,80,86,3.69,overcast clouds
59,Victoria,HK,2021-09-17 14:56:41,22.2855,114.1577,86.32,83,2,1.01,light rain
60,Leningradskiy,RU,2021-09-17 14:55:42,69.3833,178.4167,30.49,97,100,6.73,light snow
61,Hasaki,JP,2021-09-17 14:55:56,35.7333,140.8333,73.8,70,96,20.24,overcast clouds
62,Port Alfred,ZA,2021-09-17 14:55:45,-33.5906,26.891,60.31,59,33,12.08,scattered clouds
63,Nikolskoye,RU,2021-09-17 14:56:03,59.7035,30.7861,48.09,64,33,7.45,scattered clouds
64,Abha,SA,2021-09-17 14:58:20,18.2164,42.5053,78.62,50,40,16.11,scattered clouds
65,Hiriyur,IN,2021-09-17 14:58:21,13.9456,76.6192,77.77,70,11,12.21,few clouds
66,Ancud,CL,2021-09-17 14:55:31,-41.8697,-73.8203,50.43,83,77,12.5,light rain
67,Henties Bay,NA,2021-09-17 14:58:21,-22.116,14.2845,59.86,72,1,5.23,clear sky
68,Abong Mbang,CM,2021-09-17 14:58:21,3.9833,13.1833,72.36,92,100,3.51,light rain
69,Kodiak,US,2021-09-17 14:56:02,57.79,-152.4072,48.42,85,100,15.55,overcast clouds
70,Butaritari,KI,2021-09-17 14:54:38,3.0707,172.7902,82.2,70,77,14.92,broken clouds
71,Kadoma,JP,2021-09-17 14:58:22,34.7333,135.5833,73.38,93,100,1.88,heavy intensity rain
72,Reconquista,AR,2021-09-17 14:58:22,-29.15,-59.65,67.8,58,99,7.92,overcast clouds
73,Richards Bay,ZA,2021-09-17 14:56:31,-28.783,32.0377,64.78,67,10,17.0,clear sky
74,Bangkalan,ID,2021-09-17 14:58:23,-7.0455,112.7351,82.35,75,67,6.53,broken clouds
75,San Isidro,PE,2021-09-17 14:58:23,-12.1167,-77.05,62.26,81,90,1.01,overcast clouds
76,Sakakah,SA,2021-09-17 14:58:23,29.9697,40.2064,99.97,15,0,11.36,clear sky
77,Saskylakh,RU,2021-09-17 14:54:18,71.9167,114.0833,30.42,91,97,11.41,overcast clouds
78,Glendive,US,2021-09-17 14:58:24,47.1053,-104.7125,51.96,29,10,12.37,clear sky
79,Beringovskiy,RU,2021-09-17 14:57:18,63.05,179.3167,38.07,59,43,7.52,scattered clouds
80,Lompoc,US,2021-09-17 14:55:45,34.6391,-120.4579,58.57,89,90,0.0,mist
81,Thompson,CA,2021-09-17 14:53:23,55.7435,-97.8558,46.56,87,75,10.36,broken clouds
82,Te Anau,NZ,2021-09-17 14:58:24,-45.4167,167.7167,31.06,95,27,0.85,scattered clouds
83,Damghan,IR,2021-09-17 14:58:24,36.1683,54.348,82.06,15,0,6.76,clear sky
84,Khatanga,RU,2021-09-17 14:54:27,71.9667,102.5,28.33,89,21,7.87,few clouds
85,Jinka,ET,2021-09-17 14:58:25,5.65,36.65,72.52,66,57,2.53,broken clouds
86,Opuwo,NA,2021-09-17 14:58:25,-18.0607,13.84,89.69,10,2,16.55,clear sky
87,Vaini,TO,2021-09-17 14:54:30,-21.2,-175.2,71.76,100,20,3.44,few clouds
88,Zeya,RU,2021-09-17 14:58:26,53.75,127.2667,39.18,97,99,4.09,overcast clouds
89,Basoko,CD,2021-09-17 14:58:26,1.2391,23.616,82.44,60,95,3.29,overcast clouds
90,Ribeira Grande,PT,2021-09-17 14:54:41,38.5167,-28.7,73.8,83,40,12.66,scattered clouds
91,Awjilah,LY,2021-09-17 14:58:26,29.1081,21.2869,91.92,18,0,11.1,clear sky
92,Usinsk,RU,2021-09-17 14:57:45,65.9939,57.5281,39.51,79,99,19.53,overcast clouds
93,Saint-Philippe,RE,2021-09-17 14:55:43,-21.3585,55.7679,74.79,77,18,8.19,few clouds
94,Atuona,PF,2021-09-17 14:54:31,-9.8,-139.0333,77.58,71,12,20.36,few clouds
95,Kapit,MY,2021-09-17 14:58:27,2.0167,112.9333,73.51,99,82,1.21,broken clouds
96,Rafai,CF,2021-09-17 14:58:27,4.95,23.9167,76.21,76,98,3.29,light rain
97,Sawtell,AU,2021-09-17 14:58:27,-30.3833,153.1,57.22,88,20,6.91,few clouds
98,Hobart,AU,2021-09-17 14:54:40,-42.8794,147.3294,53.46,81,90,10.36,light rain
99,New Norfolk,AU,2021-09-17 14:54:45,-42.7826,147.0587,53.1,72,100,1.74,light rain
100,Marawi,PH,2021-09-17 14:57:57,7.9986,124.2928,66.65,91,100,2.68,moderate rain
101,Kalabo,ZM,2021-09-17 14:58:28,-14.97,22.6814,99.84,9,29,5.06,scattered clouds
102,Newala,TZ,2021-09-17 14:58:28,-10.9431,39.2787,81.66,40,39,12.44,scattered clouds
103,Banda Aceh,ID,2021-09-17 14:55:04,5.5577,95.3222,79.59,79,69,8.05,broken clouds
104,Muros,ES,2021-09-17 14:56:46,42.7762,-9.0603,66.83,79,94,8.72,overcast clouds
105,Ponta Do Sol,PT,2021-09-17 14:56:56,32.6667,-17.1,82.13,59,23,3.56,few clouds
106,Aizawl,IN,2021-09-17 14:58:29,23.7333,92.7167,65.57,99,100,1.12,overcast clouds
107,Karacakoy,TR,2021-09-17 14:58:29,41.4029,28.3834,78.64,46,50,8.79,scattered clouds
108,Albany,US,2021-09-17 14:54:25,42.6001,-73.9662,73.36,83,47,7.0,scattered clouds
109,Susa,TN,2021-09-17 14:58:30,35.8254,10.637,106.32,49,0,13.8,clear sky
110,Taoudenni,ML,2021-09-17 14:58:30,22.6783,-3.9836,108.63,13,100,6.11,overcast clouds
111,Nemuro,JP,2021-09-17 14:55:57,43.3236,145.575,58.03,78,100,14.76,light rain
112,Elko,US,2021-09-17 14:56:42,41.0002,-115.5012,59.27,26,0,1.43,clear sky
113,Kamenka,RU,2021-09-17 14:58:30,51.3223,42.7678,56.73,46,94,5.5,overcast clouds
114,Sabha,LY,2021-09-17 14:55:47,27.0377,14.4283,91.87,15,0,8.99,clear sky
115,Jamestown,US,2021-09-17 14:50:49,42.097,-79.2353,75.02,78,27,7.0,scattered clouds
116,Talnakh,RU,2021-09-17 14:57:16,69.4865,88.3972,39.99,70,10,5.19,clear sky
117,Puerto Ayora,EC,2021-09-17 14:54:20,-0.7393,-90.3518,69.76,95,100,1.99,overcast clouds
118,Qaanaaq,GL,2021-09-17 14:54:44,77.484,-69.3632,12.78,68,8,7.36,clear sky
119,Smithers,CA,2021-09-17 14:58:31,54.7804,-127.1743,39.52,93,90,5.75,mist
120,Ilhabela,BR,2021-09-17 14:58:32,-23.7781,-45.3581,68.63,92,100,10.4,overcast clouds
121,Kurilsk,RU,2021-09-17 14:57:23,45.2333,147.8833,50.23,87,100,10.78,overcast clouds
122,Fuyang,CN,2021-09-17 14:58:32,32.9,115.8167,72.27,88,82,6.24,light rain
123,San Cristobal,VE,2021-09-17 14:56:28,7.7669,-72.225,80.78,47,0,7.56,clear sky
124,Shingu,JP,2021-09-17 14:58:32,33.7333,135.9833,78.91,93,100,12.28,moderate rain
125,Kieta,PG,2021-09-17 14:57:32,-6.2167,155.6333,78.58,81,93,5.99,light rain
126,Souillac,MU,2021-09-17 14:55:39,-20.5167,57.5167,73.78,78,20,11.5,few clouds
127,Binga,ZW,2021-09-17 14:58:33,-17.6203,27.3414,91.71,22,10,6.6,clear sky
128,Nome,US,2021-09-17 14:56:01,64.5011,-165.4064,30.11,95,79,5.97,broken clouds
129,Pisco,PE,2021-09-17 14:54:53,-13.7,-76.2167,64.02,82,40,5.75,mist
130,Kathu,TH,2021-09-17 14:58:34,7.9178,98.3332,78.62,72,82,4.72,broken clouds
131,Praia,CV,2021-09-17 14:56:01,14.9215,-23.5087,84.74,65,20,12.66,few clouds
132,Miri,MY,2021-09-17 14:58:34,4.4148,114.0089,78.94,89,20,3.44,few clouds
133,Cockburn Town,TC,2021-09-17 14:52:44,21.4612,-71.1419,85.96,66,40,16.11,scattered clouds
134,Prince Rupert,CA,2021-09-17 14:58:11,54.3161,-130.3201,51.49,77,90,20.71,light rain
135,College,US,2021-09-17 14:58:34,64.8569,-147.8028,42.28,78,68,2.15,broken clouds
136,Paluan,PH,2021-09-17 14:58:35,13.416,120.4623,80.91,79,65,5.79,heavy intensity rain
137,Camalu,MX,2021-09-17 14:58:35,30.85,-116.0667,66.11,81,11,5.68,few clouds
138,East London,ZA,2021-09-17 14:55:33,-33.0153,27.9116,61.74,59,0,16.11,clear sky
139,Longyearbyen,SJ,2021-09-17 14:56:01,78.2186,15.6401,40.84,87,90,5.75,overcast clouds
140,Nelson Bay,AU,2021-09-17 14:58:35,-32.7167,152.15,60.12,81,82,1.01,light rain
141,Florianopolis,BR,2021-09-17 14:58:36,-27.6146,-48.5012,58.26,94,75,6.91,heavy intensity rain
142,Buritama,BR,2021-09-17 14:58:36,-21.0661,-50.1472,98.64,17,4,15.66,clear sky
143,Am Timan,TD,2021-09-17 14:58:36,11.0297,20.2827,79.61,84,100,7.45,moderate rain
144,Cidreira,BR,2021-09-17 14:55:35,-30.1811,-50.2056,62.71,88,83,17.02,broken clouds
145,Skjervoy,NO,2021-09-17 14:58:37,70.0311,20.9714,50.18,71,75,5.68,broken clouds
146,Saldanha,ZA,2021-09-17 14:55:28,-33.0117,17.9442,77.05,59,0,14.38,clear sky
147,Marystown,CA,2021-09-17 14:58:37,47.1666,-55.1483,62.01,58,21,4.18,few clouds
148,Cherskiy,RU,2021-09-17 14:56:39,68.75,161.3,38.75,85,100,4.97,overcast clouds
149,Ampanihy,MG,2021-09-17 14:58:37,-24.7,44.75,73.0,50,2,14.47,clear sky
150,Norman Wells,CA,2021-09-17 14:55:43,65.282,-126.8329,42.84,87,75,4.61,broken clouds
151,Mosetse,BW,2021-09-17 14:58:38,-20.75,26.65,91.4,15,5,12.41,clear sky
152,Seydi,TM,2021-09-17 14:58:38,39.4816,62.9137,87.21,9,0,9.62,clear sky
153,Pierre,US,2021-09-17 14:58:39,44.3683,-100.351,65.05,86,0,4.0,clear sky
154,Virginia Beach,US,2021-09-17 14:56:19,36.8529,-75.978,80.04,89,86,1.01,overcast clouds
155,Iquique,CL,2021-09-17 14:55:13,-20.2208,-70.1431,60.84,66,89,6.49,overcast clouds
156,Khandyga,RU,2021-09-17 14:55:24,62.6667,135.6,52.11,72,100,5.3,overcast clouds
157,Hermanus,ZA,2021-09-17 14:54:37,-34.4187,19.2345,71.91,63,0,21.25,clear sky
158,Yumen,CN,2021-09-17 14:57:22,40.2833,97.2,69.28,30,85,15.59,overcast clouds
159,Namatanai,PG,2021-09-17 14:57:48,-3.6667,152.4333,78.64,83,49,7.29,scattered clouds
160,Severo-Kurilsk,RU,2021-09-17 14:54:42,50.6789,156.125,48.69,81,100,9.1,overcast clouds
161,Cao Bang,VN,2021-09-17 14:58:39,22.6667,106.25,75.58,99,60,2.1,broken clouds
162,Ahuimanu,US,2021-09-17 14:58:40,21.4447,-157.8378,76.86,80,88,18.16,overcast clouds
163,Noumea,NC,2021-09-17 14:58:40,-22.2763,166.4572,58.98,58,42,5.01,scattered clouds
164,Nantucket,US,2021-09-17 14:58:40,41.2835,-70.0995,75.31,88,75,13.8,broken clouds
165,Shakhovskaya,RU,2021-09-17 14:58:41,56.0283,35.5097,46.31,54,99,7.85,overcast clouds
166,Niceville,US,2021-09-17 14:58:18,30.5169,-86.4822,78.93,94,75,9.22,thunderstorm
167,Huarmey,PE,2021-09-17 14:57:53,-10.0681,-78.1522,67.3,70,99,10.49,overcast clouds
168,Clyde River,CA,2021-09-17 14:56:06,70.4692,-68.5914,32.23,69,90,3.44,overcast clouds
169,Sobolevo,RU,2021-09-17 14:58:41,54.4299,31.8996,42.75,89,100,11.45,light rain
170,Sulangan,PH,2021-09-17 14:58:41,11.1373,123.7228,82.56,75,100,2.53,overcast clouds
171,Caravelas,BR,2021-09-17 14:57:48,-17.7125,-39.2481,80.85,47,0,9.13,clear sky
172,Guerrero Negro,MX,2021-09-17 14:54:56,27.9769,-114.0611,70.88,76,84,14.99,broken clouds
173,Port Elizabeth,ZA,2021-09-17 14:51:26,-33.918,25.5701,64.69,52,20,9.22,few clouds
174,Pandan,PH,2021-09-17 14:58:42,14.0453,124.1694,78.96,88,60,6.15,light rain
175,Mayor Pablo Lagerenza,PY,2021-09-17 14:58:42,-19.9309,-60.7718,93.07,25,23,5.91,few clouds
176,Shakawe,BW,2021-09-17 14:58:43,-18.3667,21.85,95.31,7,2,7.2,clear sky
177,Lorengau,PG,2021-09-17 14:54:20,-2.0226,147.2712,81.68,76,10,9.51,clear sky
178,Krasnoselkup,RU,2021-09-17 14:58:43,65.7,82.4667,44.91,96,100,20.74,moderate rain
179,Zhangjiakou,CN,2021-09-17 14:57:56,40.81,114.8794,61.68,77,51,4.38,broken clouds
180,Port Shepstone,ZA,2021-09-17 14:57:44,-30.7414,30.455,62.94,66,43,25.68,scattered clouds
181,Arraial Do Cabo,BR,2021-09-17 14:54:50,-22.9661,-42.0278,75.16,68,75,11.5,broken clouds
182,Suzaka,JP,2021-09-17 14:58:44,36.65,138.3167,68.11,86,100,1.99,moderate rain
183,Pevek,RU,2021-09-17 14:56:24,69.7008,170.3133,32.31,100,100,7.11,snow
184,Tuktoyaktuk,CA,2021-09-17 14:55:16,69.4541,-133.0374,41.0,93,75,12.66,broken clouds
185,Kerchevskiy,RU,2021-09-17 14:58:44,59.946,56.2884,41.07,76,100,6.44,overcast clouds
186,Bethel,US,2021-09-17 14:56:53,41.3712,-73.414,71.47,92,100,1.99,overcast clouds
187,Bubaque,GW,2021-09-17 14:58:45,11.2833,-15.8333,81.07,77,84,12.55,broken clouds
188,Hamilton,US,2021-09-17 14:55:43,39.1834,-84.5333,80.2,84,0,1.01,clear sky
189,Chicama,PE,2021-09-17 14:58:45,-7.8447,-79.1469,59.54,62,71,7.94,broken clouds
190,Lamu,KE,2021-09-17 14:58:45,-2.2717,40.902,77.2,75,9,13.11,clear sky
191,Dingle,PH,2021-09-17 14:55:52,10.9995,122.6711,75.16,92,64,3.44,broken clouds
192,Roebourne,AU,2021-09-17 14:56:21,-20.7833,117.1333,73.74,44,0,5.79,light rain
193,Freeport,US,2021-09-17 14:58:46,40.6576,-73.5832,73.15,88,100,10.0,overcast clouds
194,Marsa Matruh,EG,2021-09-17 14:57:47,31.3525,27.2453,82.6,54,0,13.8,clear sky
195,Edd,ER,2021-09-17 14:57:20,13.9297,41.6925,90.91,58,28,15.55,scattered clouds
196,Lasa,IT,2021-09-17 14:57:34,46.6166,10.7002,72.34,56,36,1.34,scattered clouds
197,Upernavik,GL,2021-09-17 14:57:34,72.7868,-56.1549,30.09,87,93,10.25,light snow
198,Bongandanga,CD,2021-09-17 14:58:47,1.5,21.05,83.98,54,93,2.64,overcast clouds
199,Dunedin,NZ,2021-09-17 14:56:41,-45.8742,170.5036,42.8,83,66,3.0,broken clouds
200,Aklavik,CA,2021-09-17 14:55:02,68.2191,-135.0107,41.72,93,40,4.61,scattered clouds
201,Kahului,US,2021-09-17 14:56:54,20.8947,-156.47,74.97,88,100,13.73,light rain
202,Narsaq,GL,2021-09-17 14:55:37,60.9167,-46.05,42.94,72,19,3.18,few clouds
203,Pandamatenga,BW,2021-09-17 14:58:48,-18.5278,25.627,95.54,11,39,4.05,scattered clouds
204,Sopot,PL,2021-09-17 14:58:48,54.4418,18.56,63.88,100,75,3.44,light intensity shower rain
205,Nuuk,GL,2021-09-17 14:54:03,64.1835,-51.7216,38.5,45,5,3.49,clear sky
206,Chake Chake,TZ,2021-09-17 14:56:51,-5.2459,39.7666,77.32,71,16,10.87,few clouds
207,Vostok,RU,2021-09-17 14:55:39,46.4856,135.8833,46.42,92,0,4.72,clear sky
208,Adrar,MR,2021-09-17 14:58:49,20.5022,-10.0711,96.93,28,100,12.1,overcast clouds
209,Rocha,UY,2021-09-17 14:55:20,-34.4833,-54.3333,65.35,52,0,10.18,clear sky
210,Hithadhoo,MV,2021-09-17 14:56:04,-0.6,73.0833,83.05,73,100,4.99,overcast clouds
211,Havoysund,NO,2021-09-17 14:56:09,70.9963,24.6622,49.08,75,100,8.28,overcast clouds
212,Yeppoon,AU,2021-09-17 14:57:42,-23.1333,150.7333,60.58,72,0,8.86,clear sky
213,Tura,IN,2021-09-17 14:57:44,25.5198,90.2201,72.86,91,100,4.07,overcast clouds
214,Khem Karan,IN,2021-09-17 14:58:50,31.1428,74.5667,84.29,57,1,6.98,clear sky
215,Vredendal,ZA,2021-09-17 14:58:51,-31.6683,18.5012,78.19,17,5,19.6,clear sky
216,Bukachacha,RU,2021-09-17 14:58:51,52.9833,116.9167,35.1,72,0,3.36,clear sky
217,Nikolayevskaya,RU,2021-09-17 14:58:51,47.6139,41.5023,70.12,31,8,9.01,clear sky
218,Acapulco,MX,2021-09-17 14:58:52,16.8634,-99.8901,80.55,79,100,2.73,overcast clouds
219,Veraval,IN,2021-09-17 14:58:52,20.9,70.3667,80.56,86,96,10.47,overcast clouds
220,Inhambane,MZ,2021-09-17 14:54:34,-23.865,35.3833,67.98,94,75,11.5,broken clouds
221,Cairns,AU,2021-09-17 14:55:47,-16.9167,145.7667,71.55,76,90,9.22,overcast clouds
222,Malakal,SS,2021-09-17 14:58:52,9.5334,31.6605,72.3,97,100,4.56,moderate rain
223,Harper,LR,2021-09-17 14:56:24,4.375,-7.7169,79.57,81,84,10.07,light rain
224,Bonavista,CA,2021-09-17 14:56:57,48.6499,-53.1147,68.0,67,7,6.96,clear sky
225,Ouallam,NE,2021-09-17 14:55:26,14.3188,2.0866,95.23,39,94,9.15,overcast clouds
226,Haines Junction,CA,2021-09-17 14:56:25,60.7522,-137.5108,24.75,100,100,2.3,overcast clouds
227,Kemi,FI,2021-09-17 14:58:53,65.8596,24.8228,44.37,61,75,4.61,broken clouds
228,Rundu,NA,2021-09-17 14:58:53,-17.9333,19.7667,93.94,7,5,4.23,clear sky
229,Mayo,US,2021-09-17 14:58:54,38.8876,-76.5119,75.97,93,90,5.01,overcast clouds
230,Ketchikan,US,2021-09-17 14:55:49,55.3422,-131.6461,46.87,93,90,0.0,light rain
231,Hobyo,SO,2021-09-17 14:54:29,5.3505,48.5268,78.3,82,70,27.0,broken clouds
232,Sabratah,LY,2021-09-17 14:58:54,32.7933,12.4885,92.19,30,0,13.78,clear sky
233,Boa Vista,BR,2021-09-17 14:55:09,2.8197,-60.6733,87.78,55,40,12.66,scattered clouds
234,Douentza,ML,2021-09-17 14:58:55,14.9951,-2.9517,97.84,33,96,8.81,overcast clouds
235,Sur,OM,2021-09-17 14:56:47,22.5667,59.5289,88.0,61,24,9.22,few clouds
236,Berdigestyakh,RU,2021-09-17 14:58:55,62.0989,126.6992,37.35,97,100,15.3,light rain
237,Vila,PT,2021-09-17 14:58:55,42.0304,-8.1588,57.7,93,100,4.99,overcast clouds
238,Maniitsoq,GL,2021-09-17 14:56:57,65.4167,-52.9,37.81,39,1,0.43,clear sky
239,Codrington,AU,2021-09-17 14:56:33,-38.2667,141.9667,51.71,79,35,17.81,scattered clouds
240,Airai,TL,2021-09-17 14:54:52,-8.9266,125.4092,57.54,65,20,3.31,few clouds
241,Kenai,US,2021-09-17 14:58:56,60.5544,-151.2583,46.15,93,26,5.97,scattered clouds
242,Port Hardy,CA,2021-09-17 14:55:22,50.6996,-127.4199,51.8,87,90,17.27,light rain
243,Huancabamba,PE,2021-09-17 14:58:56,-5.2386,-79.4506,60.69,82,100,8.55,overcast clouds
244,Quang Ngai,VN,2021-09-17 14:58:56,15.1167,108.8,77.65,90,92,3.71,overcast clouds
245,Berlevag,NO,2021-09-17 14:56:18,70.8578,29.0864,42.6,68,100,13.51,overcast clouds
246,Faanui,PF,2021-09-17 14:55:58,-16.4833,-151.75,78.64,72,5,23.69,light rain
247,Sicuani,PE,2021-09-17 14:58:57,-14.2694,-71.2261,55.04,46,98,3.38,overcast clouds
248,Contamana,PE,2021-09-17 14:58:57,-7.3333,-75.0167,85.35,55,88,2.46,overcast clouds
249,Jozefow,PL,2021-09-17 14:58:58,52.1371,21.2359,66.07,76,75,11.5,broken clouds
250,Puerto Escondido,MX,2021-09-17 14:55:10,15.85,-97.0667,82.76,75,87,3.4,overcast clouds
251,Krasnoarmeysk,RU,2021-09-17 14:58:58,51.0239,45.6969,51.3,46,77,6.22,broken clouds
252,Port Lincoln,AU,2021-09-17 14:57:26,-34.7333,135.8667,55.4,53,59,21.85,broken clouds
253,Merrill,US,2021-09-17 14:58:58,45.1805,-89.6835,70.03,68,1,8.05,clear sky
254,Matsumoto,JP,2021-09-17 14:58:59,36.2333,137.9667,65.86,97,100,4.92,heavy intensity rain
255,Kundiawa,PG,2021-09-17 14:58:59,-6.0167,144.9667,60.76,98,74,1.66,broken clouds
256,Kavieng,PG,2021-09-17 14:55:47,-2.5744,150.7967,81.91,79,48,16.53,light rain
257,Namibe,AO,2021-09-17 14:54:17,-15.1961,12.1522,70.43,78,40,13.8,scattered clouds
258,Cotonou,BJ,2021-09-17 14:58:59,6.3654,2.4183,82.38,83,40,12.66,scattered clouds
259,Kangaatsiaq,GL,2021-09-17 14:59:00,68.3065,-53.4641,30.47,59,8,7.72,clear sky
260,Salalah,OM,2021-09-17 14:56:37,17.0151,54.0924,80.49,89,100,6.24,overcast clouds
261,Saint-Joseph,RE,2021-09-17 14:57:58,-21.3667,55.6167,73.78,78,31,2.91,scattered clouds
262,Orlik,RU,2021-09-17 14:59:00,52.5178,99.825,45.79,58,61,0.58,broken clouds
263,Tiksi,RU,2021-09-17 14:54:35,71.6872,128.8694,34.84,80,100,16.67,overcast clouds
264,Ostrovnoy,RU,2021-09-17 14:59:00,68.0531,39.5131,42.76,81,100,7.87,overcast clouds
265,Mount Isa,AU,2021-09-17 14:55:40,-20.7333,139.5,65.97,39,1,0.0,clear sky
266,Altay,CN,2021-09-17 14:59:01,47.8667,88.1167,57.6,29,8,5.61,clear sky
267,Save,BJ,2021-09-17 14:59:01,8.0425,2.486,86.49,61,98,5.03,overcast clouds
268,Lanzhou,CN,2021-09-17 14:59:02,36.0564,103.7922,67.28,53,100,4.7,light rain
269,Amapa,BR,2021-09-17 14:59:02,1.0,-52.0,93.2,41,4,3.8,clear sky
270,Brewster,US,2021-09-17 14:54:32,41.3973,-73.6171,71.15,94,100,7.45,overcast clouds
271,Alegrete,BR,2021-09-17 14:59:02,-29.7831,-55.7919,64.51,73,56,10.98,moderate rain
272,Eslov,SE,2021-09-17 14:59:03,55.8393,13.3039,61.23,88,100,13.15,overcast clouds
273,Chistogorskiy,RU,2021-09-17 14:59:03,53.9835,87.3843,56.3,63,31,7.96,scattered clouds
274,Pekan,MY,2021-09-17 14:59:03,3.4836,103.3996,80.71,84,8,4.81,clear sky
275,Fushun,CN,2021-09-17 14:59:04,41.8558,123.9233,62.31,79,0,3.58,clear sky
276,San Patricio,US,2021-09-17 14:54:57,28.017,-97.5169,86.92,68,0,2.53,clear sky
277,Malayal,PH,2021-09-17 14:59:04,7.208,121.942,77.85,82,100,3.94,overcast clouds
278,Hambantota,LK,2021-09-17 14:57:50,6.1241,81.1185,82.74,89,20,12.66,few clouds
279,Cap Malheureux,MU,2021-09-17 14:57:21,-19.9842,57.6142,73.89,82,10,5.01,clear sky
280,Akyab,MM,2021-09-17 14:57:30,20.15,92.9,80.17,87,100,10.02,overcast clouds
281,Kropotkin,RU,2021-09-17 14:59:04,45.4375,40.5756,65.53,53,3,8.32,clear sky
282,Grand-Lahou,CI,2021-09-17 14:56:39,5.1367,-5.0242,79.65,85,74,9.64,light rain
283,Lima,PE,2021-09-17 14:55:22,-12.0432,-77.0282,60.13,88,90,6.91,overcast clouds
284,Mandalgovi,MN,2021-09-17 14:59:05,45.7625,106.2708,55.71,54,70,2.44,broken clouds
285,Dombarovskiy,RU,2021-09-17 14:59:05,50.7587,59.5386,48.96,57,15,11.12,few clouds
286,Mogadishu,SO,2021-09-17 14:59:06,2.0371,45.3438,82.27,89,40,14.97,scattered clouds
287,Suzun,RU,2021-09-17 14:59:06,53.7841,82.3116,63.36,48,100,2.39,overcast clouds
288,Olds,CA,2021-09-17 14:54:45,51.7834,-114.102,46.65,93,100,6.91,overcast clouds
289,Hay River,CA,2021-09-17 14:56:23,60.8156,-115.7999,37.38,93,75,5.75,broken clouds
290,Mtwara,TZ,2021-09-17 14:59:07,-10.2667,40.1833,81.73,65,20,16.11,few clouds
291,Pangnirtung,CA,2021-09-17 14:55:50,66.1451,-65.7125,37.4,56,90,11.5,overcast clouds
292,Enshi,CN,2021-09-17 14:59:07,30.3,109.4833,71.37,93,100,1.1,light rain
293,Turkmenabat,TM,2021-09-17 14:59:07,39.0733,63.5786,89.58,18,0,6.91,clear sky
294,Tasiilaq,GL,2021-09-17 14:55:41,65.6145,-37.6368,35.92,59,100,4.05,overcast clouds
295,Hirara,JP,2021-09-17 14:59:08,24.8,125.2833,83.16,75,12,5.41,few clouds
296,Neiafu,TO,2021-09-17 14:55:39,-18.65,-173.9833,75.88,88,20,0.0,few clouds
297,Saint-Pierre,RE,2021-09-17 14:55:23,-21.3393,55.4781,74.88,72,90,1.14,overcast clouds
298,Soe,ID,2021-09-17 14:59:08,-9.8607,124.284,63.68,91,70,4.27,broken clouds
299,Kalmar,SE,2021-09-17 14:59:09,56.6616,16.3616,55.33,98,90,11.5,light intensity drizzle
300,Necochea,AR,2021-09-17 14:59:09,-38.5473,-58.7368,69.04,51,0,17.34,clear sky
301,Helmbrechts,DE,2021-09-17 14:59:09,50.2356,11.7159,61.02,83,20,8.01,few clouds
302,Manta,EC,2021-09-17 14:58:09,-0.95,-80.7333,76.78,83,90,6.91,overcast clouds
303,Yar-Sale,RU,2021-09-17 14:55:29,66.8333,70.8333,40.12,91,100,31.23,light rain
304,Kota Kinabalu,MY,2021-09-17 14:59:10,5.9749,116.0724,75.18,88,20,4.61,few clouds
305,Kolyvan,RU,2021-09-17 14:59:10,55.3053,82.7391,65.82,61,100,4.9,overcast clouds
306,Faya,SA,2021-09-17 14:59:10,18.3851,42.4509,78.91,63,83,9.33,broken clouds
307,Paita,PE,2021-09-17 14:59:11,-5.0892,-81.1144,66.76,72,14,9.71,few clouds
308,Takoradi,GH,2021-09-17 14:56:02,4.8845,-1.7554,81.57,78,100,6.78,moderate rain
309,Najran,SA,2021-09-17 14:59:11,17.4924,44.1277,93.85,12,35,13.56,scattered clouds
310,Eirunepe,BR,2021-09-17 14:59:12,-6.6603,-69.8736,86.92,56,60,4.29,broken clouds
311,Carutapera,BR,2021-09-17 14:59:12,-1.195,-46.02,88.48,54,9,9.46,clear sky
312,Dingalan,PH,2021-09-17 14:59:12,15.3897,121.3929,78.21,90,93,6.58,overcast clouds
313,Pitkyaranta,RU,2021-09-17 14:59:13,61.5734,31.4792,47.43,72,98,5.93,light rain
314,Batagay-Alyta,RU,2021-09-17 14:59:13,67.8006,130.4114,35.96,99,100,6.78,light rain
315,Isangel,VU,2021-09-17 14:55:56,-19.55,169.2667,70.61,85,100,14.38,overcast clouds
316,Svetlyy,RU,2021-09-17 14:59:13,54.675,20.1347,57.25,91,98,11.54,overcast clouds
317,San Jose,US,2021-09-17 14:57:00,37.3394,-121.895,59.2,83,90,3.0,overcast clouds
318,Bowen,AU,2021-09-17 14:59:14,-20.0167,148.2333,61.02,69,0,13.51,clear sky
319,Nizwa,OM,2021-09-17 14:59:14,22.9333,57.5333,95.99,17,17,2.19,few clouds
320,Puerto Baquerizo Moreno,EC,2021-09-17 14:59:14,-0.9,-89.6,68.61,89,100,9.55,overcast clouds
321,Celestun,MX,2021-09-17 14:57:59,20.8667,-90.4,83.93,74,98,11.56,overcast clouds
322,Pangai,TO,2021-09-17 14:59:15,-19.8,-174.35,77.18,84,6,12.01,clear sky
323,Komsomolskiy,UZ,2021-09-17 14:59:15,40.4272,71.7189,77.72,25,0,4.61,clear sky
324,Straumen,NO,2021-09-17 14:59:15,63.8709,11.2999,59.0,63,11,10.83,few clouds
325,Mikuni,JP,2021-09-17 14:59:16,36.2171,136.1519,71.51,93,100,5.59,moderate rain
326,Moindou,NC,2021-09-17 14:59:16,-21.6924,165.677,58.95,63,4,5.7,clear sky
327,Cabo San Lucas,MX,2021-09-17 14:53:28,22.8909,-109.9124,80.62,86,76,4.0,broken clouds
328,Maragheh,IR,2021-09-17 14:59:17,37.3917,46.2398,82.67,6,20,9.22,few clouds
329,Touros,BR,2021-09-17 14:56:46,-5.1989,-35.4608,86.9,55,4,19.08,clear sky
330,Rupert,US,2021-09-17 14:59:17,42.6191,-113.6772,55.58,17,0,3.53,clear sky
331,Bengkulu,ID,2021-09-17 14:55:26,-3.8004,102.2655,77.81,87,97,5.59,overcast clouds
332,Tazovskiy,RU,2021-09-17 14:57:43,67.4667,78.7,40.44,95,100,27.31,light rain
333,Fengxian,CN,2021-09-17 14:59:17,34.7039,116.5872,71.65,87,88,4.59,light rain
334,Kawalu,ID,2021-09-17 14:59:18,-7.3817,108.2082,71.89,97,65,1.66,broken clouds
335,Grand Gaube,MU,2021-09-17 14:59:18,-20.0064,57.6608,73.8,82,10,3.0,light rain
336,Yerbogachen,RU,2021-09-17 14:59:18,61.2767,108.0108,42.69,62,99,2.55,overcast clouds
337,Lakes Entrance,AU,2021-09-17 14:59:19,-37.8811,147.981,62.58,66,99,8.95,overcast clouds
338,Mwense,ZM,2021-09-17 14:59:19,-10.3845,28.698,96.51,12,4,3.47,clear sky
339,La Tuque,CA,2021-09-17 14:59:19,47.4334,-72.7824,61.05,72,0,5.75,clear sky
340,Pustoshka,RU,2021-09-17 14:59:20,56.3355,29.369,51.89,54,99,8.41,overcast clouds
341,Bogorodskoye,RU,2021-09-17 14:59:20,56.55,37.8833,44.65,64,77,4.68,broken clouds
342,Ishinomaki,JP,2021-09-17 14:59:20,38.4167,141.3,70.81,86,100,21.7,light rain
343,Stepnoye,RU,2021-09-17 14:59:21,51.4,46.8667,52.9,46,89,7.36,overcast clouds
344,Fare,PF,2021-09-17 14:57:14,-16.7,-151.0167,78.49,73,1,23.4,clear sky
345,Prachatice,CZ,2021-09-17 14:59:21,49.0129,13.9975,60.42,74,100,4.29,overcast clouds
346,Carupano,VE,2021-09-17 14:55:52,10.6678,-63.2585,85.48,67,73,11.54,broken clouds
347,Ahipara,NZ,2021-09-17 14:56:29,-35.1667,173.1667,51.57,79,31,10.04,scattered clouds
348,Solnechnyy,RU,2021-09-17 14:56:19,50.7214,136.6319,56.66,70,93,8.46,overcast clouds
349,Marovoay,MG,2021-09-17 14:59:22,-16.1,46.6333,82.54,57,69,12.06,broken clouds
350,Coos Bay,US,2021-09-17 14:59:22,43.3665,-124.2179,49.95,76,84,3.87,broken clouds
351,Padang,ID,2021-09-17 14:56:31,-0.9492,100.3543,77.05,87,100,3.27,overcast clouds
352,Moctezuma,MX,2021-09-17 14:59:22,29.8,-109.6667,76.66,65,2,3.02,clear sky
353,Hofn,IS,2021-09-17 14:59:22,64.2539,-15.2082,53.62,100,90,11.5,mist
354,Wichita Falls,US,2021-09-17 14:59:23,33.9137,-98.4934,83.25,66,1,8.99,clear sky
355,Mugur-Aksy,RU,2021-09-17 14:59:23,50.35,90.5,46.49,64,33,3.6,scattered clouds
356,Emba,KZ,2021-09-17 14:59:23,48.8264,58.1442,55.53,34,0,8.34,clear sky
357,Tautira,PF,2021-09-17 14:59:24,-17.7333,-149.15,75.22,77,44,21.88,scattered clouds
358,Barcelos,PT,2021-09-17 14:57:04,41.5388,-8.6151,69.48,80,91,8.5,overcast clouds
359,Ixtapa,MX,2021-09-17 14:59:24,20.7,-105.2,78.22,99,44,1.48,scattered clouds
360,Mahibadhoo,MV,2021-09-17 14:59:24,3.7833,72.9667,83.14,74,100,8.34,overcast clouds
361,Paamiut,GL,2021-09-17 14:54:46,61.994,-49.6678,37.76,81,7,18.92,clear sky
362,Torbay,CA,2021-09-17 14:55:33,47.6666,-52.7314,70.88,62,20,8.05,few clouds
363,Mirpur Khas,PK,2021-09-17 14:55:58,25.5251,69.0159,97.18,38,15,10.63,few clouds
364,Meadow Lake,US,2021-09-17 14:59:25,34.8014,-106.5436,77.68,17,0,2.73,clear sky
365,Sibolga,ID,2021-09-17 14:59:25,1.7427,98.7792,78.37,86,70,2.42,broken clouds
366,Polovinnoye,RU,2021-09-17 14:59:25,54.7914,65.9864,44.08,79,100,14.5,overcast clouds
367,Villarrica,PY,2021-09-17 14:59:26,-25.75,-56.4333,79.43,69,99,2.66,overcast clouds
368,Puerto Madero,MX,2021-09-17 14:59:26,14.7208,-92.4215,80.53,79,100,2.84,overcast clouds
369,West Bay,KY,2021-09-17 14:59:26,19.3667,-81.4167,89.08,71,20,7.0,few clouds
370,Fandriana,MG,2021-09-17 14:59:27,-20.2333,47.3833,68.61,56,34,4.7,scattered clouds
371,Kuznechnoye,RU,2021-09-17 14:59:27,61.12,29.8686,48.69,66,29,5.97,scattered clouds
372,Fairbanks,US,2021-09-17 14:56:55,64.8378,-147.7164,42.3,87,1,0.0,clear sky
373,Chumikan,RU,2021-09-17 14:59:27,54.7183,135.315,48.06,71,100,20.07,overcast clouds
374,Sao Filipe,CV,2021-09-17 14:56:45,14.8961,-24.4956,79.02,80,100,13.15,overcast clouds
375,Wharton,US,2021-09-17 14:56:35,29.3116,-96.1027,82.09,88,1,0.0,clear sky
376,Kiunga,PG,2021-09-17 14:59:28,-6.1219,141.2906,71.58,98,100,5.06,overcast clouds
377,Sorong,ID,2021-09-17 14:59:28,-0.8833,131.25,78.19,82,100,1.9,overcast clouds
378,Nazilli,TR,2021-09-17 14:59:28,37.9163,28.3223,87.33,18,0,4.97,clear sky
379,Nhulunbuy,AU,2021-09-17 14:59:29,-12.2333,136.7667,74.01,78,51,4.61,broken clouds
380,Mizdah,LY,2021-09-17 14:56:17,31.4451,12.9801,92.16,15,0,10.4,clear sky
381,Kant,IN,2021-09-17 14:59:29,27.8,79.8,75.85,93,37,8.81,scattered clouds
382,Pemangkat,ID,2021-09-17 14:59:30,1.1667,108.9667,81.05,79,27,4.05,scattered clouds
383,Emilio Carranza,MX,2021-09-17 14:59:30,19.9711,-96.6114,82.53,78,100,3.27,overcast clouds
384,Oban,GB,2021-09-17 14:59:30,56.4127,-5.4706,58.91,88,90,6.91,light rain
385,Baykit,RU,2021-09-17 14:59:31,61.67,96.37,43.05,80,100,4.88,overcast clouds
386,Bathsheba,BB,2021-09-17 14:56:17,13.2167,-59.5167,90.21,58,20,19.57,few clouds
387,Vorsma,RU,2021-09-17 14:59:31,55.9856,43.2717,46.24,53,100,6.85,overcast clouds
388,Samarai,PG,2021-09-17 14:55:46,-10.6167,150.6667,77.09,79,100,18.79,overcast clouds
389,San Juan,AR,2021-09-17 14:59:32,-31.5375,-68.5364,73.72,17,1,3.49,clear sky
390,Klaksvik,FO,2021-09-17 14:55:53,62.2266,-6.589,54.52,99,100,16.22,overcast clouds
391,Taltal,CL,2021-09-17 14:59:32,-25.4,-70.4833,62.96,64,1,8.1,clear sky
392,Srednebelaya,RU,2021-09-17 14:59:32,50.6594,128.0106,48.58,94,5,5.64,clear sky
393,Kysyl-Syr,RU,2021-09-17 14:59:32,63.8986,122.7617,39.16,67,100,11.14,overcast clouds
394,Arivonimamo,MG,2021-09-17 14:59:33,-19.0167,47.1833,77.05,39,11,12.26,few clouds
395,Pacific Grove,US,2021-09-17 14:58:05,36.6177,-121.9166,56.66,87,53,5.99,broken clouds
396,Port Blair,IN,2021-09-17 14:59:33,11.6667,92.75,80.85,81,75,5.23,broken clouds
397,Tumut,AU,2021-09-17 14:59:33,-35.3,148.2167,56.39,97,100,5.64,light rain
398,Puerto Colombia,CO,2021-09-17 14:56:58,10.9878,-74.9547,86.09,70,27,6.15,scattered clouds
399,Haapiti,PF,2021-09-17 14:59:34,-17.5667,-149.8667,74.93,73,21,22.5,few clouds
400,Saint Anthony,US,2021-09-17 14:57:11,45.0205,-93.218,61.25,82,90,5.99,overcast clouds
401,Pangody,RU,2021-09-17 14:59:34,65.85,74.4859,39.38,93,100,27.16,moderate rain
402,Tromso,NO,2021-09-17 14:59:34,69.6496,18.957,54.25,66,0,2.3,clear sky
403,Brae,GB,2021-09-17 14:55:23,60.3964,-1.353,58.91,90,100,26.4,overcast clouds
404,Hvolsvollur,IS,2021-09-17 14:59:35,63.7533,-20.2243,47.07,63,88,13.56,overcast clouds
405,Shasta Lake,US,2021-09-17 14:59:35,40.6804,-122.3708,60.82,54,4,2.8,clear sky
406,Murgab,TM,2021-09-17 14:59:36,37.4966,61.9714,91.27,19,0,0.0,clear sky
407,The Valley,AI,2021-09-17 14:56:59,18.217,-63.0578,89.46,70,40,14.97,scattered clouds
408,Marand,IR,2021-09-17 14:59:18,38.4329,45.7749,80.94,28,0,8.41,clear sky
409,Longyan,CN,2021-09-17 14:59:36,25.1072,117.0225,73.63,94,19,1.83,few clouds
410,Bambous Virieux,MU,2021-09-17 14:54:26,-20.3428,57.7575,73.65,78,20,11.5,few clouds
411,Lavrentiya,RU,2021-09-17 14:57:28,65.5833,-171.0,34.34,78,89,5.55,overcast clouds
412,Sao Joao Da Barra,BR,2021-09-17 14:56:14,-21.6403,-41.0511,69.89,81,62,9.19,broken clouds
413,Batagay,RU,2021-09-17 14:59:37,67.6333,134.6333,44.04,97,100,4.76,light rain
414,Gornyy,RU,2021-09-17 14:59:37,55.1153,83.9059,60.51,46,100,5.64,overcast clouds
415,Hutchinson,US,2021-09-17 14:58:50,38.0608,-97.9298,79.36,70,2,1.99,clear sky
416,Karratha,AU,2021-09-17 14:57:32,-20.7377,116.8463,73.27,56,0,7.61,light rain
417,Dzhebariki-Khaya,RU,2021-09-17 14:59:37,62.2167,135.8,53.98,64,100,9.71,overcast clouds
418,Wilmington,US,2021-09-17 14:55:16,34.2257,-77.9447,81.0,77,75,12.66,broken clouds
419,Flin Flon,CA,2021-09-17 14:59:38,54.7682,-101.865,48.04,87,75,9.22,broken clouds
420,Bonthe,SL,2021-09-17 14:56:24,7.5264,-12.505,82.09,70,62,10.98,broken clouds
421,Schattdorf,CH,2021-09-17 14:59:38,46.8655,8.6547,76.32,67,29,5.79,scattered clouds
422,Saverne,FR,2021-09-17 14:59:38,48.8333,7.25,70.2,50,16,3.83,few clouds
423,Jalu,LY,2021-09-17 14:56:00,29.0331,21.5482,91.71,18,0,10.94,clear sky
424,Buenos Aires,AR,2021-09-17 14:58:09,-34.6132,-58.3772,72.01,44,3,6.82,clear sky
425,Labytnangi,RU,2021-09-17 14:59:39,66.6572,66.4183,38.28,96,100,26.17,light rain
426,Araouane,ML,2021-09-17 14:56:48,18.9048,-3.5265,103.6,19,39,4.27,scattered clouds
427,Mount Gambier,AU,2021-09-17 14:51:47,-37.8333,140.7667,49.91,93,75,16.11,broken clouds
428,Carbonia,IT,2021-09-17 14:59:39,39.1672,8.5222,82.85,50,100,7.67,overcast clouds
429,Vetlanda,SE,2021-09-17 14:59:40,57.4289,15.0776,55.27,95,100,11.83,overcast clouds
430,Patulele,RO,2021-09-17 14:59:40,44.3453,22.7728,71.37,70,100,14.09,overcast clouds
431,Buala,SB,2021-09-17 14:57:42,-8.145,159.5921,79.43,83,86,7.34,light rain
432,Dzaoudzi,YT,2021-09-17 14:59:40,-12.7887,45.2699,80.49,69,0,3.44,clear sky
433,Salisbury,GB,2021-09-17 14:59:41,51.0693,-1.7957,70.65,60,75,10.36,broken clouds
434,Kruisfontein,ZA,2021-09-17 14:54:52,-34.0033,24.7314,59.88,58,65,9.91,broken clouds
435,Corowa,AU,2021-09-17 14:59:41,-36.0333,146.3833,57.52,94,100,17.38,overcast clouds
436,Port Hawkesbury,CA,2021-09-17 14:59:41,45.6169,-61.3485,69.78,74,1,5.01,clear sky
437,Bandarbeyla,SO,2021-09-17 14:57:21,9.4942,50.8122,77.97,83,10,28.21,clear sky
438,West Odessa,US,2021-09-17 14:59:42,31.8424,-102.4988,78.06,59,0,16.51,clear sky
439,Walvis Bay,NA,2021-09-17 14:56:37,-22.9575,14.5053,63.55,59,0,5.75,clear sky
440,Pundaguitan,PH,2021-09-17 14:59:42,6.3711,126.1689,79.93,84,100,13.09,very heavy rain
441,Cayenne,GF,2021-09-17 14:55:37,4.9333,-52.3333,89.64,76,75,5.01,broken clouds
442,Alexandria,EG,2021-09-17 14:54:56,31.2156,29.9553,84.74,58,40,13.8,scattered clouds
443,Viedma,AR,2021-09-17 14:54:35,-40.8135,-62.9967,71.44,26,27,7.05,scattered clouds
444,Gazimurskiy Zavod,RU,2021-09-17 14:59:43,51.5461,118.3266,35.74,67,4,1.3,clear sky
445,Puerto Del Rosario,ES,2021-09-17 14:59:43,28.5004,-13.8627,80.35,65,40,14.97,scattered clouds
446,Kualakapuas,ID,2021-09-17 14:59:43,-3.0091,114.3876,77.16,92,15,3.71,few clouds
447,Sola,VU,2021-09-17 14:59:44,-13.8833,167.55,78.84,81,14,14.85,few clouds
448,Volovo,UA,2021-09-17 14:59:44,48.5246,23.5056,61.59,99,100,6.02,light rain
449,Tabou,CI,2021-09-17 14:55:45,4.423,-7.3528,79.5,82,45,10.18,light rain
450,Dovers,VC,2021-09-17 14:59:44,12.8833,-61.1833,85.59,70,14,18.52,few clouds
451,Puri,IN,2021-09-17 14:59:45,19.8,85.85,81.12,79,96,9.71,overcast clouds
452,Palu,ID,2021-09-17 14:55:24,-0.8917,119.8707,75.85,97,100,2.42,overcast clouds
453,Huanren,CN,2021-09-17 14:59:45,41.2647,125.3667,57.04,94,0,2.28,clear sky
454,Biak,ID,2021-09-17 14:55:52,-0.9131,122.8766,75.7,81,98,7.02,moderate rain
455,Asau,RO,2021-09-17 14:59:45,46.4333,26.4,71.76,80,100,4.94,light rain
456,Asosa,ET,2021-09-17 14:59:46,10.0667,34.5333,65.03,87,89,1.21,overcast clouds
457,Babushkin,RU,2021-09-17 14:59:46,51.7122,105.8647,47.75,79,100,1.21,overcast clouds
458,Sangar,RU,2021-09-17 14:56:42,63.9242,127.4739,44.4,98,100,6.06,moderate rain
459,Chilliwack,CA,2021-09-17 14:59:47,49.1747,-121.9443,54.84,93,100,1.14,light rain
460,Bacani,RO,2021-09-17 14:59:47,46.3333,27.6667,74.55,33,100,9.75,overcast clouds
461,Barra Dos Coqueiros,BR,2021-09-17 14:59:47,-10.9089,-37.0386,82.42,57,75,14.97,broken clouds
462,Avera,US,2021-09-17 14:56:37,33.194,-82.5271,77.72,72,94,4.92,overcast clouds
463,Moose Factory,CA,2021-09-17 14:59:48,51.2585,-80.6094,60.8,88,90,16.11,heavy intensity rain
464,Hokitika,NZ,2021-09-17 14:59:48,-42.7167,170.9667,42.31,75,85,8.63,overcast clouds
465,Hawick,GB,2021-09-17 14:59:48,55.4227,-2.7867,66.11,70,91,7.27,overcast clouds
466,Gondar,ET,2021-09-17 14:59:49,12.6,37.4667,60.17,87,89,5.19,light rain
467,Los Llanos De Aridane,ES,2021-09-17 14:55:23,28.6585,-17.9182,76.75,75,40,14.97,scattered clouds
468,Nanyang,CN,2021-09-17 14:55:25,32.9947,112.5328,69.69,81,100,13.35,light rain
469,Tlacote El Bajo,MX,2021-09-17 14:59:49,20.65,-100.5,68.85,81,91,3.02,overcast clouds
470,Beloha,MG,2021-09-17 14:55:27,-25.1667,45.05,70.34,69,5,12.55,clear sky
471,Kamina,CD,2021-09-17 14:59:49,-8.7386,24.9906,77.72,53,76,6.64,broken clouds
472,Petropavlovsk-Kamchatskiy,RU,2021-09-17 14:57:18,53.0452,158.6483,39.79,100,0,6.71,clear sky
473,Tacuati,PY,2021-09-17 14:59:50,-23.45,-56.5833,95.79,36,2,5.39,clear sky
474,Gangapur,IN,2021-09-17 14:59:50,26.4833,76.7167,75.49,92,92,15.12,overcast clouds
475,Fortuna,US,2021-09-17 14:55:32,40.5982,-124.1573,52.66,73,1,1.01,clear sky
476,Yulara,AU,2021-09-17 14:56:41,-25.2406,130.9889,66.04,37,0,8.05,clear sky
477,Ulladulla,AU,2021-09-17 14:59:50,-35.35,150.4667,64.87,66,100,8.5,moderate rain
478,Vao,NC,2021-09-17 14:54:39,-22.6667,167.4833,67.68,55,0,12.15,clear sky
479,Corovode,AL,2021-09-17 14:59:51,40.5042,20.2272,85.26,32,30,13.91,scattered clouds
480,Dalbandin,PK,2021-09-17 14:59:51,28.8947,64.4101,91.69,5,0,7.96,clear sky
481,Olden,NO,2021-09-17 14:59:51,61.8364,6.8064,67.12,62,71,6.17,broken clouds
482,Seoul,KR,2021-09-17 14:54:11,37.5683,126.9778,69.4,62,0,8.05,clear sky
483,La Ronge,CA,2021-09-17 14:59:52,55.1001,-105.2842,43.05,93,90,3.44,overcast clouds
484,Oistins,BB,2021-09-17 14:52:58,13.0667,-59.5333,89.69,58,20,19.57,few clouds
485,Molo,KE,2021-09-17 14:59:52,-0.2479,35.7374,55.53,98,74,5.35,heavy intensity rain
486,Mehamn,NO,2021-09-17 14:57:52,71.0357,27.8492,46.15,69,100,9.6,overcast clouds
487,Port Hueneme,US,2021-09-17 14:59:53,34.1478,-119.1951,63.01,91,52,1.32,broken clouds
488,Tiznit,MA,2021-09-17 14:59:53,29.5833,-9.5,78.21,50,0,12.26,clear sky
489,Oro Valley,US,2021-09-17 14:59:53,32.3909,-110.9665,81.37,49,55,1.99,broken clouds
490,Atar,MR,2021-09-17 14:59:54,20.5169,-13.0499,97.25,18,98,10.85,overcast clouds
491,Rorvik,NO,2021-09-17 14:59:54,64.8621,11.2373,54.3,67,33,19.69,scattered clouds
492,Omsukchan,RU,2021-09-17 14:59:54,62.5333,155.8,35.92,92,1,8.08,clear sky
493,Bako,ET,2021-09-17 14:59:55,5.7833,36.5667,70.39,76,75,2.17,light rain
494,Jasper,US,2021-09-17 14:59:55,37.2001,-94.3502,80.82,72,0,1.99,clear sky
495,Dodoma,TZ,2021-09-17 14:59:55,-6.1722,35.7395,85.91,35,20,6.91,few clouds
496,Sisimiut,GL,2021-09-17 14:57:22,66.9395,-53.6735,35.64,49,1,6.44,clear sky
497,Comodoro Rivadavia,AR,2021-09-17 14:58:30,-45.8667,-67.5,57.06,35,0,21.85,clear sky
498,Beberibe,BR,2021-09-17 14:59:56,-4.1797,-38.1306,89.64,51,6,16.33,clear sky
499,Chifeng,CN,2021-09-17 14:56:34,42.2683,118.9636,59.07,58,0,4.99,clear sky
500,Foam Lake,CA,2021-09-17 14:59:56,51.65,-103.5343,39.22,70,100,12.03,overcast clouds
501,Kathmandu,NP,2021-09-17 14:55:34,27.7167,85.3167,70.02,94,75,2.3,broken clouds
502,Janakpur,NP,2021-09-17 14:59:56,26.7183,85.9065,78.28,84,99,5.46,overcast clouds
503,Conceicao Do Araguaia,BR,2021-09-17 14:59:57,-8.2578,-49.2647,89.73,55,0,10.36,clear sky
504,Hue,VN,2021-09-17 14:59:57,16.4667,107.6,80.71,83,20,2.3,few clouds
505,Shenxian,CN,2021-09-17 14:59:57,36.2411,115.6672,69.75,79,100,5.03,light rain
506,Along,IN,2021-09-17 14:59:58,28.1667,94.7667,72.79,99,100,1.63,moderate rain
507,Kirksville,US,2021-09-17 14:59:47,40.1948,-92.5833,74.05,58,13,10.27,few clouds
508,Novaya Igirma,RU,2021-09-17 14:59:58,57.1334,103.9112,42.17,65,99,3.0,overcast clouds
509,Dolores,AR,2021-09-17 14:56:50,-36.3132,-57.6792,65.48,54,0,10.22,clear sky
510,Baruun-Urt,MN,2021-09-17 14:59:53,46.6806,113.2792,52.36,75,19,7.11,few clouds
511,Bardiyah,LY,2021-09-17 14:59:59,31.7561,25.0865,80.29,61,0,16.42,clear sky
512,Srivardhan,IN,2021-09-17 14:59:59,18.0333,73.0167,78.93,87,71,5.35,broken clouds
513,Iguape,BR,2021-09-17 14:59:59,-24.7081,-47.5553,68.18,88,100,11.07,heavy intensity rain
514,Valley City,US,2021-09-17 15:00:00,46.9233,-98.0032,55.92,54,1,17.27,clear sky
515,Singaraja,ID,2021-09-17 15:00:00,-8.112,115.0882,78.98,81,59,5.55,broken clouds
516,Inirida,CO,2021-09-17 15:00:01,3.8653,-67.9239,88.79,58,38,1.34,scattered clouds
517,Tambura,SS,2021-09-17 15:00:01,5.6,27.4667,74.62,79,100,6.98,overcast clouds
518,Dakar,SN,2021-09-17 14:55:15,14.6937,-17.4441,88.68,74,75,0.0,broken clouds
519,Salamiyah,SY,2021-09-17 15:00:02,35.0113,37.0532,81.23,31,0,16.49,clear sky
520,Melendugno,IT,2021-09-17 15:00:04,40.2747,18.3368,85.66,58,70,5.35,broken clouds
521,Abu Dhabi,AE,2021-09-17 15:00:05,24.4667,54.3667,92.1,67,11,8.43,few clouds
522,Kalmunai,LK,2021-09-17 14:57:02,7.4167,81.8167,83.34,76,95,2.26,overcast clouds
523,Itarema,BR,2021-09-17 14:56:23,-2.9248,-39.9167,89.2,49,4,19.77,clear sky
524,Balkanabat,TM,2021-09-17 15:00:08,39.5108,54.3671,80.13,58,0,11.83,clear sky
525,Siavonga,ZM,2021-09-17 15:00:08,-16.5382,28.7088,93.45,27,73,0.78,broken clouds
526,Grindavik,IS,2021-09-17 14:57:31,63.8424,-22.4338,48.67,57,75,13.8,broken clouds
527,Almansa,ES,2021-09-17 15:00:11,38.8692,-1.0971,83.07,36,71,8.52,broken clouds
528,Gornopravdinsk,RU,2021-09-17 15:00:12,60.05,69.9,37.35,98,100,8.72,light rain
529,Binzhou,CN,2021-09-17 14:55:24,37.3667,118.0167,66.92,73,96,4.56,light rain
530,Margate,GB,2021-09-17 15:00:15,51.3813,1.3862,71.11,74,100,9.62,overcast clouds
531,San-Pedro,CI,2021-09-17 15:00:16,4.7485,-6.6363,79.57,85,62,10.92,light rain
532,Hudiksvall,SE,2021-09-17 15:00:16,61.729,17.1036,49.51,72,100,7.14,overcast clouds
533,Ilulissat,GL,2021-09-17 14:56:21,69.2167,-51.1,21.87,50,0,3.38,clear sky
534,Yarada,IN,2021-09-17 15:00:17,17.65,83.2667,84.52,74,75,8.05,mist
535,Wakkanai,JP,2021-09-17 15:00:19,45.4094,141.6739,63.16,82,97,13.38,overcast clouds
536,Porto Novo,BJ,2021-09-17 14:57:38,6.4965,2.6036,82.22,64,100,9.37,overcast clouds
537,Jumla,NP,2021-09-17 14:56:44,29.2747,82.1838,60.75,93,82,0.65,broken clouds
538,Roma,US,2021-09-17 14:56:21,43.2128,-75.4557,78.82,87,78,3.0,broken clouds
539,Shelburne,CA,2021-09-17 15:00:20,44.0787,-80.2041,67.3,74,2,10.83,clear sky
540,Guye,CN,2021-09-17 15:00:20,39.7333,118.4167,64.26,69,100,1.25,overcast clouds
541,Creel,MX,2021-09-17 15:00:21,27.75,-107.6333,63.88,52,95,3.0,overcast clouds
542,Simplicio Mendes,BR,2021-09-17 15:00:22,-7.8539,-41.9103,94.68,25,2,9.95,clear sky
543,Magog,CA,2021-09-17 14:58:32,45.2668,-72.1491,70.39,77,71,9.22,broken clouds
544,Xinyu,CN,2021-09-17 15:00:22,27.8043,114.9334,72.81,78,0,3.58,clear sky
545,Nizhniy Tsasuchey,RU,2021-09-17 15:00:23,50.5167,115.1333,45.54,60,14,6.69,few clouds
546,Bucerias,MX,2021-09-17 15:00:24,20.75,-105.3333,78.98,99,55,2.98,broken clouds
547,Timra,SE,2021-09-17 15:00:24,62.487,17.3257,48.67,65,90,5.75,overcast clouds
548,Zachary,US,2021-09-17 15:00:25,30.6485,-91.1565,85.66,98,40,0.0,scattered clouds
549,Kalemie,CD,2021-09-17 15:00:25,-5.9475,29.1947,79.5,63,88,5.66,light rain
550,Kavaratti,IN,2021-09-17 14:55:03,10.5669,72.642,81.73,78,29,12.19,scattered clouds
551,Boshnyakovo,RU,2021-09-17 15:00:26,49.6333,142.1667,53.28,90,1,7.99,clear sky
552,Santa Cruz De Tenerife,ES,2021-09-17 14:56:38,28.4682,-16.2546,80.82,69,40,8.01,scattered clouds
553,Olafsvik,IS,2021-09-17 15:00:27,64.8945,-23.7142,45.57,67,100,13.56,overcast clouds
554,Salinopolis,BR,2021-09-17 14:52:18,-0.6136,-47.3561,84.24,69,12,10.18,few clouds
555,Bilma,NE,2021-09-17 14:55:51,18.6853,12.9164,102.96,11,34,2.44,scattered clouds
556,Ballina,AU,2021-09-17 15:00:27,-28.8667,153.5667,56.79,85,0,6.85,clear sky
557,Rawson,AR,2021-09-17 14:56:38,-43.3002,-65.1023,61.99,43,100,8.59,overcast clouds
558,Anadyr,RU,2021-09-17 14:57:42,64.75,177.4833,34.3,80,0,6.71,clear sky
559,Miraflores,MX,2021-09-17 15:00:28,19.2167,-98.8083,55.81,60,75,1.54,broken clouds
560,Chambas,CU,2021-09-17 15:00:29,22.1928,-78.9136,87.62,60,8,9.19,clear sky
561,Upington,ZA,2021-09-17 15:00:30,-28.4478,21.2561,76.3,9,1,12.46,clear sky
562,Leh,IN,2021-09-17 14:56:30,34.1667,77.5833,62.42,20,0,6.49,clear sky
563,Ugoofaaru,MV,2021-09-17 15:00:30,5.6667,73.0,83.12,76,100,10.47,light rain
564,Launceston,AU,2021-09-17 15:00:30,-41.45,147.1667,53.24,86,90,4.0,light rain
565,Vanavara,RU,2021-09-17 15:00:31,60.34,102.2797,36.07,76,47,2.55,scattered clouds
566,Beirut,LB,2021-09-17 14:56:11,33.8889,35.4944,83.14,51,40,11.5,scattered clouds
567,Russell,US,2021-09-17 14:57:45,32.3502,-85.1999,76.15,83,90,4.61,overcast clouds
568,Magomeni,TZ,2021-09-17 15:00:32,-6.8,39.25,79.14,64,66,13.6,broken clouds
569,Olympia,US,2021-09-17 14:59:06,47.0379,-122.9007,56.62,75,100,2.28,overcast clouds
570,Belomorsk,RU,2021-09-17 15:00:33,64.5232,34.7668,44.37,76,100,8.41,overcast clouds
571,Broken Hill,AU,2021-09-17 14:55:57,-31.95,141.4333,58.71,88,40,11.5,scattered clouds
572,Fukuma,JP,2021-09-17 15:00:33,33.7667,130.4667,73.4,95,89,20.85,overcast clouds
573,Lata,PT,2021-09-17 15:00:34,40.1629,-8.3327,80.35,60,26,11.16,scattered clouds
574,Sitka,US,2021-09-17 14:51:14,57.0531,-135.33,51.69,62,90,13.8,light rain
575,Vytegra,RU,2021-09-17 15:00:35,61.0064,36.4481,46.27,79,100,6.96,overcast clouds
576,Jesus Maria,AR,2021-09-17 15:00:35,-30.9815,-64.0942,77.13,19,0,13.2,clear sky
577,Khanu Woralaksaburi,TH,2021-09-17 15:00:36,16.0617,99.8606,77.38,90,100,2.13,light rain
578,Northam,GB,2021-09-17 15:00:36,51.0333,-4.2167,68.14,74,82,11.3,broken clouds
579,Uberaba,BR,2021-09-17 15:00:37,-19.7483,-47.9319,91.2,26,7,12.19,clear sky
580,Oktyabrskoye,RU,2021-09-17 14:55:58,43.0645,44.7417,53.74,94,90,6.71,overcast clouds
581,Ulaangom,MN,2021-09-17 15:00:38,49.9811,92.0667,56.32,36,18,2.42,few clouds
582,Vestmanna,FO,2021-09-17 15:00:38,62.1564,-7.1664,52.72,100,90,11.5,overcast clouds
583,Seven Hills,US,2021-09-17 15:00:39,41.3953,-81.6762,79.16,81,0,5.01,clear sky
584,Tilichiki,RU,2021-09-17 14:56:50,60.4667,166.1,46.8,78,100,4.03,overcast clouds
585,Innisfail,AU,2021-09-17 15:00:40,-17.5333,146.0333,71.62,64,97,9.17,overcast clouds
586,Fort Nelson,CA,2021-09-17 15:00:40,58.8053,-122.7002,40.35,80,97,0.87,overcast clouds
587,Sinnamary,GF,2021-09-17 14:55:54,5.3833,-52.95,84.27,73,6,7.47,clear sky
588,Batsfjord,NO,2021-09-17 15:00:41,70.6345,29.7185,42.58,70,20,14.97,few clouds
589,Tateyama,JP,2021-09-17 14:55:45,34.9833,139.8667,75.22,71,100,19.82,overcast clouds
590,Parrita,CR,2021-09-17 15:00:41,9.5201,-84.3225,92.98,73,75,3.33,broken clouds
591,Santa Vitoria Do Palmar,BR,2021-09-17 15:00:42,-33.5189,-53.3681,64.22,59,8,10.29,clear sky
592,Coronado,US,2021-09-17 15:00:43,32.6859,-117.1831,68.0,82,90,4.61,overcast clouds
593,Mokhsogollokh,RU,2021-09-17 15:00:44,61.4681,128.9203,41.58,97,100,10.04,light rain
594,Renqiu,CN,2021-09-17 15:00:45,38.6989,116.0936,67.24,63,100,3.47,light rain
595,Lae,PG,2021-09-17 15:00:46,-6.7221,146.9847,76.6,89,100,6.04,overcast clouds
596,Luderitz,NA,2021-09-17 14:55:49,-26.6481,15.1594,63.68,51,1,10.04,clear sky
597,Hovd,MN,2021-09-17 15:00:46,48.0056,91.6419,59.95,39,82,8.08,broken clouds
598,Gorur,IN,2021-09-17 15:00:46,12.8194,76.0717,69.19,93,12,8.63,few clouds
599,Morganton,US,2021-09-17 14:59:52,35.7454,-81.6848,78.82,92,90,4.61,overcast clouds
600,Poum,NC,2021-09-17 14:57:36,-20.2333,164.0167,69.49,62,1,18.52,clear sky
601,Luoyang,CN,2021-09-17 14:56:13,34.6836,112.4536,65.89,97,100,6.15,light rain
602,Columbus,US,2021-09-17 15:00:01,39.9612,-82.9988,82.63,77,0,4.07,clear sky
603,Japura,ID,2021-09-17 15:00:47,-0.3167,102.35,74.84,95,47,2.51,scattered clouds
604,Benghazi,LY,2021-09-17 15:00:23,32.1167,20.0667,80.85,60,0,13.91,clear sky
605,Merauke,ID,2021-09-17 15:00:48,-8.4667,140.3333,75.56,76,58,14.61,broken clouds
606,Maracacume,BR,2021-09-17 14:57:35,-2.0428,-45.9592,90.09,50,49,7.02,scattered clouds
607,Ordu,TR,2021-09-17 15:00:48,40.9086,37.6845,53.74,81,92,2.51,overcast clouds
608,Salym,RU,2021-09-17 15:00:49,60.0625,71.4789,36.75,97,100,7.29,overcast clouds
609,Dharan,NP,2021-09-17 15:00:50,26.8125,87.2835,76.66,81,95,3.87,heavy intensity rain
610,Plettenberg Bay,ZA,2021-09-17 14:54:43,-34.0527,23.3716,58.57,60,6,9.37,clear sky
611,Banugao,PH,2021-09-17 15:00:50,14.7333,121.6333,79.05,89,93,7.07,light rain
612,Erenhot,CN,2021-09-17 15:00:51,43.6475,111.9767,65.88,29,1,9.1,clear sky
613,Sao Jose Da Coroa Grande,BR,2021-09-17 15:00:52,-8.8978,-35.1478,80.08,71,18,12.28,few clouds
614,Sorland,NO,2021-09-17 14:56:03,67.667,12.6934,50.86,88,100,9.86,overcast clouds
615,Casa Nova,BR,2021-09-17 15:00:52,-9.4167,-41.1333,86.02,38,0,19.15,clear sky
616,Igarka,RU,2021-09-17 15:00:54,67.4667,86.5833,43.21,86,100,20.71,light rain
617,Reading,GB,2021-09-17 14:56:54,51.4562,-0.9711,71.33,67,100,1.01,overcast clouds
618,Bagdarin,RU,2021-09-17 15:00:54,54.4333,113.6,31.95,66,12,3.29,few clouds
619,Mareeba,AU,2021-09-17 15:00:55,-17.0,145.4333,66.92,86,76,4.76,broken clouds
620,Kyzyl-Suu,KG,2021-09-17 15:00:56,42.3414,78.0056,60.33,46,0,5.23,clear sky
621,Peleduy,RU,2021-09-17 14:57:03,59.6289,112.7406,36.19,97,74,4.47,broken clouds
622,Tukrah,LY,2021-09-17 15:00:56,32.5341,20.5791,80.26,60,0,11.3,clear sky
623,Malanville,BJ,2021-09-17 15:00:57,11.8685,3.3899,88.68,53,99,2.64,overcast clouds
624,La Rioja,ES,2021-09-17 15:00:58,42.25,-2.5,75.49,48,72,3.83,broken clouds
625,Dubrovnik,HR,2021-09-17 15:00:58,42.6481,18.0922,78.64,65,20,13.8,few clouds
626,Izmalkovo,RU,2021-09-17 15:00:58,52.6887,37.964,50.65,63,100,2.57,overcast clouds
627,Broome,US,2021-09-17 14:55:38,42.2506,-75.833,73.63,80,90,1.99,overcast clouds
628,Marzuq,YE,2021-09-17 15:00:59,14.4,46.4667,89.82,15,75,8.32,broken clouds
629,Esperance,AU,2021-09-17 14:55:34,-33.8667,121.9,44.44,74,40,10.85,scattered clouds
630,Capari,MK,2021-09-17 15:01:00,41.0561,21.1783,77.11,36,86,16.31,overcast clouds
631,Bella Vista,US,2021-09-17 14:56:08,36.4295,-94.2316,79.09,79,1,1.01,clear sky
632,Montepuez,MZ,2021-09-17 15:01:00,-13.1256,38.9997,89.83,25,100,3.98,overcast clouds
633,Dekar,BW,2021-09-17 15:01:01,-21.5333,21.9333,85.64,7,0,5.5,clear sky
634,Bosaso,SO,2021-09-17 15:01:02,11.2842,49.1816,90.34,58,4,3.22,clear sky
635,San Policarpo,PH,2021-09-17 15:01:03,12.1791,125.5072,80.29,80,100,3.6,overcast clouds
636,Lopez Mateos,MX,2021-09-17 15:01:03,15.4667,-93.0087,81.07,76,100,2.06,overcast clouds
637,Shubarkuduk,KZ,2021-09-17 15:01:03,49.1447,56.4872,52.48,41,0,8.08,clear sky
638,Tual,ID,2021-09-17 15:01:04,-5.6667,132.75,79.92,75,86,19.33,overcast clouds
639,Madang,PG,2021-09-17 15:01:04,-5.2246,145.7966,78.01,87,82,0.92,broken clouds
640,Rio Pardo,BR,2021-09-17 15:01:04,-29.9897,-52.3781,61.5,81,78,7.81,light rain
641,Bilibino,RU,2021-09-17 14:56:15,68.0546,166.4372,32.99,72,100,2.01,overcast clouds
642,Svetlogorsk,BY,2021-09-17 15:01:05,52.6333,29.7333,49.39,95,100,12.06,light rain
643,Coahuayana,MX,2021-09-17 14:57:10,18.7333,-103.6833,81.32,82,72,0.92,broken clouds
644,Surt,LY,2021-09-17 15:01:05,31.2089,16.5887,82.42,54,0,14.85,clear sky
645,Conde,BR,2021-09-17 14:54:40,-7.2597,-34.9075,83.66,65,40,16.11,scattered clouds
646,Orsha,BY,2021-09-17 15:01:05,54.5153,30.4053,42.69,90,100,14.54,overcast clouds
647,Wawa,NG,2021-09-17 15:01:06,9.9022,4.4192,79.5,80,99,0.51,overcast clouds
648,Kunming,CN,2021-09-17 15:01:06,25.0389,102.7183,64.38,88,10,4.83,clear sky
649,Bay Roberts,CA,2021-09-17 15:01:06,47.5999,-53.2648,70.25,68,38,5.99,scattered clouds
650,Nouadhibou,MR,2021-09-17 15:01:07,20.931,-17.0347,73.44,81,94,21.07,overcast clouds
651,Jacmel,HT,2021-09-17 15:01:07,18.2342,-72.5347,86.36,60,78,4.63,broken clouds
652,Ormara,PK,2021-09-17 15:01:08,25.2088,64.6357,82.11,80,0,11.88,clear sky
653,Arlit,NE,2021-09-17 15:01:08,18.7369,7.3853,103.8,6,0,3.83,clear sky
654,Bodden Town,KY,2021-09-17 15:01:08,19.2833,-81.25,88.99,72,52,8.01,broken clouds
655,Palmas Bellas,PA,2021-09-17 15:01:09,9.2319,-80.0867,82.54,78,28,5.82,scattered clouds
656,Limay,PH,2021-09-17 15:01:09,14.5333,120.55,79.32,86,88,8.41,overcast clouds
657,Sabro,DK,2021-09-17 15:01:09,56.2133,10.0344,55.96,94,100,11.88,overcast clouds
658,Qaqortoq,GL,2021-09-17 14:55:30,60.7167,-46.0333,41.99,80,26,5.35,scattered clouds
659,Ust-Nera,RU,2021-09-17 15:01:09,64.5667,143.2,46.96,65,100,3.56,overcast clouds
660,Teknaf,BD,2021-09-17 15:01:10,20.8624,92.3058,78.58,92,100,9.01,overcast clouds
661,Ardesen,TR,2021-09-17 15:01:10,41.1911,40.9875,67.71,78,100,8.23,overcast clouds
662,Fereydun Kenar,IR,2021-09-17 15:01:10,36.6864,52.5225,76.35,72,12,9.42,few clouds
663,Taywarah,AF,2021-09-17 14:57:59,33.35,64.4167,61.68,8,0,4.97,clear sky
664,Kikwit,CD,2021-09-17 15:01:11,-5.041,18.8162,86.49,46,98,4.61,light rain
665,Ulcinj,ME,2021-09-17 15:01:11,41.9294,19.2244,82.62,75,100,6.78,overcast clouds
666,Deputatskiy,RU,2021-09-17 15:01:11,69.3,139.9,38.17,97,100,2.84,light rain
667,Ishigaki,JP,2021-09-17 15:01:12,24.3448,124.1572,83.07,78,18,6.87,few clouds
668,Korla,CN,2021-09-17 14:55:21,41.7597,86.1469,76.14,21,3,4.38,clear sky
669,Doha,QA,2021-09-17 14:57:51,25.2867,51.5333,98.58,36,0,4.61,clear sky
670,Constitucion,CL,2021-09-17 14:54:47,-35.3333,-72.4167,57.97,68,92,11.1,overcast clouds
671,Skibbereen,IE,2021-09-17 15:01:12,51.55,-9.2667,67.8,67,58,9.66,broken clouds
672,Chernyshevskiy,RU,2021-09-17 15:01:13,63.0128,112.4714,33.75,86,70,4.12,broken clouds
673,Kenora,CA,2021-09-17 15:01:13,49.8167,-94.4337,49.98,57,23,13.62,few clouds
674,Liverpool,GB,2021-09-17 14:51:41,53.4106,-2.9779,72.75,62,40,3.0,scattered clouds
675,Lazaro Cardenas,MX,2021-09-17 14:56:28,17.9583,-102.2,79.23,84,97,3.42,overcast clouds
676,Burnie,AU,2021-09-17 14:57:52,-41.0667,145.9167,52.92,90,100,8.86,overcast clouds
677,Prieska,ZA,2021-09-17 15:01:14,-29.6641,22.7474,70.75,11,2,15.99,clear sky
678,Sompeta,IN,2021-09-17 15:01:14,18.9333,84.6,82.13,83,94,8.01,overcast clouds
679,Helena,US,2021-09-17 14:57:36,46.5927,-112.0361,50.29,19,100,3.4,overcast clouds
680,Coihaique,CL,2021-09-17 14:55:11,-45.5752,-72.0662,47.01,81,75,10.36,light intensity shower rain
681,Kaeo,NZ,2021-09-17 15:01:15,-35.1,173.7833,51.33,88,62,6.67,broken clouds
682,Adeje,ES,2021-09-17 15:01:15,28.1227,-16.726,78.51,57,40,1.01,scattered clouds
683,Ulaanbaatar,MN,2021-09-17 15:01:15,47.9077,106.8832,53.17,72,99,1.81,light rain
684,Novyy Urgal,RU,2021-09-17 15:01:16,51.0736,132.5642,45.93,93,67,6.2,broken clouds
685,Swan River,CA,2021-09-17 15:01:16,52.1058,-101.2676,45.27,74,100,13.87,overcast clouds
686,Farafangana,MG,2021-09-17 15:01:16,-22.8167,47.8333,73.02,86,11,13.42,few clouds
687,Porto Santo,PT,2021-09-17 15:01:17,33.072,-16.3415,76.91,64,40,17.27,scattered clouds
688,Green Valley,US,2021-09-17 14:58:01,31.8543,-110.9937,79.5,50,79,2.13,broken clouds
689,Englehart,CA,2021-09-17 15:01:17,47.8169,-79.8664,70.54,56,90,14.65,overcast clouds
690,Tezu,IN,2021-09-17 15:01:18,27.9167,96.1667,73.49,97,100,3.11,overcast clouds
691,Chapais,CA,2021-09-17 14:56:27,49.7834,-74.8492,64.18,52,40,15.9,scattered clouds
692,Manavalakurichi,IN,2021-09-17 14:56:43,8.1333,77.3,82.49,84,29,15.75,scattered clouds
693,Kudahuvadhoo,MV,2021-09-17 15:01:18,2.6708,72.8944,83.32,71,91,6.38,overcast clouds
